<?xml version="1.0" encoding="UTF-8" standalone="yes"?>
<ies>
  <nombre>IES Trafalgar</nombre>
    <web>http://www.iestrafalgar.es</web>
    <ciclos>
      <ciclo id="ASIR">
        <nombre>Administración de Sistemas Informáticos en Red</nombre> 
        <grado>Superior</grado>
		<modalidad>Presencial</modalidad>
        <decretotitulo año="2009"/>
     </ciclo>
     <ciclo id="DAW">
        <nombre>Desarrollo de Aplicaciones Web</nombre> 
        <grado>Superior</grado>
		<modalidad>Dual</modalidad>
        <decretotitulo año="2010"/>
     </ciclo>
     <ciclo id="SMR">
        <nombre>Sistemas Microinformáticos y Redes</nombre> 
        <grado>Medio</grado>
		<modalidad>Presencial</modalidad>
        <decretotitulo año="2008"/>
     </ciclo>
    </ciclos>
</ies>
